"idx_wh",""
2,1.40909937210381
11,2.27446405543014
384,2.56529824342579
481,2.17042931634933
840,1.60767514212057
844,2.86139535997063
862,-0.762536440975964
867,-1.22276110528037
909,-1.10317283123732
920,1.79363630851731
